DELHI,,,,,,,,,,,,,,,
Major,,,,,,,,,,,,,,,
AGE GROUPS,,,,,,,,,,,,,,,
Group No.,CA U S E  O F   D E A T H,Sex,,1-4,5-14,15-24,25-34    35-44,,,45-54,55-64,65-69,70+,N.S.    TOTAL,
1,2,3,,5,6,7,8            9,,,10,11,12,13,14          15,
1,CERTAIN INFECTIOUS AND PARASITIC,M,,109,181,409,570,,702,916,1013,401,1035,87,5936
1,DISEASES (A00-B99),F,,96,231,453,428,,328,482,595,265,738,51,4022
1,,T,,205,412,862,998,,1030,1398,1608,666,1773,138,9958
2,NEOPLASMS,M,,45,100,119,142,,234,375,551,264,388,9,2259
2,(C00-D48),F,,22,44,60,131,,234,397,392,149,239,3,1678
2,,T,,67,144,179,273,,468,772,943,413,627,12,3937
3,DISEASES OF BLOOD & BLOOD FORMING,M,,16,47,52,47,,62,37,50,17,31,1,379
3,ORGANS & CERTAIN DISORDERS INVOLVING,F,,10,33,41,42,,42,37,35,12,38,3,304
3,THE IMMUNE MECHANISM (D50-D89),T,,26,80,93,89,,104,74,85,29,69,4,683
4,"ENDOCRINE, NUTRITIONAL AND METABOLIC",M,,9,7,30,50,,83,221,329,140,280,4,1175
4,DISEASES (E00-E89),F,,10,7,33,38,,87,173,239,140,233,4,981
4,,T,,19,14,63,88,,170,394,568,280,513,8,2156
5,MENTAL AND BEHAVIOURAL DISORDERS,M,,0,1,5,6,,4,1,3,0,4,0,25
5,(F01-F99),F,,0,0,1,3,,2,4,0,0,2,3,15
5,,T,,0,1,6,9,,6,5,3,0,6,3,40
6,DISEASES OF THE NERVOUS SYSTEM,M,,48,73,98,83,,107,139,143,60,108,5,930
6,(G00-G98),F,,49,59,63,48,,55,66,75,33,80,3,590
6,,T,,97,132,161,131,,162,205,218,93,188,8,1520
7,DISEASES OF THE EYE AND ADNEXA,M,,0,0,0,0,,0,1,0,0,0,0,1
7,(H00-H59),F,,0,0,0,0,,0,0,0,0,0,0,0
7,,T,,0,0,0,0,,0,1,0,0,0,0,1
8,DISEASES OF THE EAR AND MASTOID,M,,0,0,0,0,,0,0,0,0,0,0,0
8,PROCESS (H60-H95),F,,0,0,0,0,,0,0,0,0,0,0,0
8,,T,,0,0,0,0,,0,0,0,0,0,0,0
9,DISEASES OF THE CIRCULATORY,M,,52,73,258,477,,908,1473,2100,1030,2136,116,8750
9,SYSTEM (I00-I99),F,,34,64,214,282,,418,770,1129,591,1563,62,5203
9,,T,,86,137,472,759,,1326,2243,3229,1621,3699,178,13953
10,DISEASES OF THE RESPIRATORY,M,,96,114,191,287,,443,708,1004,529,1209,113,4985
10,SYSTEM (J00-J98),F,,62,108,191,170,,236,431,548,304,772,40,3071
10,,T,,158,222,382,457,,679,1139,1552,833,1981,153,8056
11,DISEASES OF THE DIGESTIVE SYSTEM,M,,23,30,120,343,,725,710,525,153,349,10,3060
11,(K00-K92),F,,19,37,86,112,,100,193,209,118,191,12,1118
11,,T,,42,67,206,455,,825,903,734,271,540,22,4178
12,DISEASES OF THE SKIN AND,M,,0,2,1,3,,2,2,0,1,2,0,14
12,SUBCUTANEOUS TISSUE (L00-L98),F,,0,2,2,0,,3,0,4,1,1,0,14
12,,T,,0,4,3,3,,5,2,4,2,3,0,28
13,DISEASES OF THE MUSCULOSKELETAL,M,,2,2,5,3,,6,10,14,4,8,0,54
13,SYSTEM AND CONNECTIVE TISSUE,F,,1,3,5,8,,8,7,6,4,2,1,46
13,(M00-M99),T,,3,5,10,11,,14,17,20,8,10,1,100
14,DISEASES OF THE GENITOURINARY,M,,18,35,68,92,,147,249,260,117,260,10,1316
14,SYSTEM (N00-N99),F,,18,24,46,77,,102,134,196,73,185,8,902
14,,T,,36,59,114,169,,249,383,456,190,445,18,2218
15,"PREGNANCY, CHILDBIRTH AND THE",F,,0,0,64,81,,14,3,0,0,0,0,162
15,PUERPERIUM (O00-O99),T,,0,0,64,81,,14,3,0,0,0,0,162
16,CERTAIN CONDITIONS ORIGINATING,M,,0,0,0,0,,0,0,0,0,0,101,1260
16,IN THE PERINATAL PERIOD (P00-P96),F,,0,0,0,0,,0,0,0,0,0,67,807
16,,T,,0,0,0,0,,0,0,0,0,0,168,2067
17,"CONGENITAL MALFORMATIONS,",M,,22,20,11,2,,4,4,11,2,12,9,317
17,DEFORMATIONS AND CHROMOSOMAL,F,,19,7,5,2,,1,2,5,3,5,2,160
17,ABNORMALITIES (Q00-Q99),T,,41,27,16,4,,5,6,16,5,17,11,477
18,"SYMPTOMS, SIGNS AND ABNORMAL",M,,174,215,736,1262,,1603,1964,2283,1104,2362,303,12912
18,CLINICAL  AND LABORATORY FINDINGS,F,,144,240,581,539,,586,817,1171,627,1687,153,7148
18,N.E.C. (R00-R99),T,,318,455,1317,1801,,2189,2781,3454,1731,4049,456,20060
19,"INJURY, POISONING AND CERTAIN OTHER",M,,85,73,269,345,,349,258,195,51,82,5,1736
19,CONSEQUENCES OF EXTERNAL,F,,63,52,112,141,,93,104,85,42,82,2,792
19,CAUSES (S00-T98),T,,148,125,381,486,,442,362,280,93,164,7,2528
20,Codes for Special Purposes,M,,11,13,69,177,,438,877,1386,730,1786,248,5764
20,(U00-U49),F,,14,30,98,120,,212,439,712,370,842,132,2980
20,,T,,25,43,167,297,,650,1316,2098,1100,2628,380,8744
,,M,,710,986,2441,3889,,5817,7945,9867,4603,10052,1021,50873
,A L L  C A U S E S,F,,561,941,2055,2222,,2521,4059,5401,2732,6660,546,29993
,,T,,1271,1927,4496,6111,,8338,12004,15268,7335,16712,1567,80866
"Group
No.",CA U S E  O F   D E A T H,Sex,,1-4      5-14     15-24,,,25-34    35-44,,,45-54,55-64,65-69,70+,N.S.    TOTAL,
1,2,3,,5            6            7,,,8            9,,,10,11,12,13,14          15,
1,CERTAIN INFECTIOUS AND PARASITIC,M,,0,,,12,,19,21,11,10,25,0,103
1,DISEASES (A00-B99),F,,1,,,5,,8,4,14,10,19,0,69
1,,T,,1,,,17,,27,25,25,20,44,0,172
2,NEOPLASMS,M,,0,,,1,,3,7,7,6,1,0,26
2,(C00-D48),F,,0,,,2,,2,5,8,1,5,0,24
2,,T,,0,,,3,,5,12,15,7,6,0,50
3,DISEASES OF BLOOD & BLOOD FORMING,M,,0,,,0,,3,2,1,0,1,0,10
3,ORGANS & CERTAIN DISORDERS INVOLVING,F,,0,,,1,,4,1,1,0,0,0,8
3,THE IMMUNE MECHANISM (D50-D89),T,,0,,,1,,7,3,2,0,1,0,18
4,"ENDOCRINE, NUTRITIONAL AND METABOLIC",M,,0,,,2,,10,10,14,4,11,0,52
4,DISEASES (E00-E89),F,,0,,,1,,1,3,2,4,8,0,19
4,,T,,0,,,3,,11,13,16,8,19,0,71
5,MENTAL AND BEHAVIOURAL DISORDERS,M,,0,,,0,,1,1,0,0,1,0,3
5,(F01-F99),F,,0,,,0,,0,0,0,0,0,0,0
5,,T,,0,,,0,,1,1,0,0,1,0,3
6,DISEASES OF THE NERVOUS SYSTEM,M,,1,,,1,,1,1,0,1,0,0,13
6,(G00-G98),F,,1,,,0,,1,0,0,0,6,0,9
6,,T,,2,,,1,,2,1,0,1,6,0,22
7,DISEASES OF THE EYE AND ADNEXA,M,,0,,,0,,0,0,0,0,0,0,0
7,(H00-H59),F,,0,,,0,,0,0,0,0,0,0,1
7,,T,,0,,,0,,0,0,0,0,0,0,1
8,DISEASES OF THE EAR AND MASTOID,M,,0,,,0,,0,0,0,0,0,0,0
8,PROCESS (H60-H95),F,,0,,,0,,0,0,0,0,0,0,0
8,,T,,0,,,0,,0,0,0,0,0,0,0
9,DISEASES OF THE CIRCULATORY,M,,0,,,41,,79,122,169,70,131,0,619
9,SYSTEM (I00-I99),F,,0,,,16,,18,29,48,48,127,0,294
9,,T,,0,,,57,,97,151,217,118,258,0,913
10,DISEASES OF THE RESPIRATORY,M,,4,,,16,,18,24,18,15,33,0,141
10,SYSTEM (J00-J98),F,,2,,,7,,4,4,19,19,19,0,83
10,,T,,6,,,23,,22,28,37,34,52,0,224
11,DISEASES OF THE DIGESTIVE SYSTEM,M,,0,,,14,,22,28,16,4,3,0,92
11,(K00-K92),F,,0,,,2,,2,1,3,0,2,0,11
11,,T,,0,,,16,,24,29,19,4,5,0,103
12,DISEASES OF THE SKIN AND,M,,0,,,0,,1,2,0,0,0,0,3
12,SUBCUTANEOUS TISSUE (L00-L98),F,,0,,,0,,0,0,0,0,0,0,0
12,,T,,0,,,0,,1,2,0,0,0,0,3
13,DISEASES OF THE MUSCULOSKELETAL,M,,0,,,0,,0,0,0,0,1,0,2
13,SYSTEM AND CONNECTIVE TISSUE,F,,0,,,0,,0,0,0,1,0,0,2
13,(M00-M99),T,,0,,,0,,0,0,0,1,1,0,4
14,DISEASES OF THE GENITOURINARY,M,,1,,,9,,8,14,21,14,24,0,93
14,SYSTEM (N00-N99),F,,0,,,3,,5,5,9,1,23,0,48
14,,T,,1,,,12,,13,19,30,15,47,0,141
15,"PREGNANCY, CHILDBIRTH AND THE",F,,0,,,1,,0,1,0,0,0,0,3
15,PUERPERIUM (O00-O99),T,,0,,,1,,0,1,0,0,0,0,3
16,CERTAIN CONDITIONS ORIGINATING,M,,0,,,0,,0,0,0,0,0,0,82
16,IN THE PERINATAL PERIOD (P00-P96),F,,0,,,0,,0,0,0,0,0,0,66
16,,T,,0,,,0,,0,0,0,0,0,0,148
17,"CONGENITAL MALFORMATIONS,",M,,0,,,0,,0,0,0,0,0,0,10
17,DEFORMATIONS AND CHROMOSOMAL,F,,0,,,1,,0,0,0,0,0,0,4
17,ABNORMALITIES (Q00-Q99),T,,0,,,1,,0,0,0,0,0,0,14
18,"SYMPTOMS, SIGNS AND ABNORMAL",M,,3,,,6,,16,16,14,7,47,0,123
18,CLINICAL  AND LABORATORY FINDINGS,F,,2,,,0,,3,13,8,2,112,0,154
18,N.E.C. (R00-R99),T,,5,,,6,,19,29,22,9,159,0,277
19,"INJURY, POISONING AND CERTAIN OTHER",M,,2,,,11,,18,11,8,3,5,0,82
19,CONSEQUENCES OF EXTERNAL,F,,0,,,7,,3,1,1,1,0,0,18
19,CAUSES (S00-T98),T,,2,,,18,,21,12,9,4,5,0,100
20,Codes for Special Purposes,M,,0,,,0,,0,0,1,0,0,0,1
20,(U00-U49),F,,0,,,0,,0,1,0,0,0,0,1
20,,T,,0,,,0,,0,1,1,0,0,0,2
,,M,,11,,,113,,199,259,280,134,283,0,1455
,A L L  C A U S E S,F,,6,,,46,,51,68,113,87,321,0,814
,,T,,17,,,159,,250,327,393,221,604,0,2269
