RAJASTHAN,,,,,,,,,,,,,,,
"Group
No.",CA U S E  O F   D E A T H,Sex,<1,1-4,5-14,15-24,25-34    35-44,,,45-54,55-64,65-69,70+,N.S.    TOTAL,
1,2,3,4,5,6,7,8            9,,,10,11,12,13,14          15,
1,CERTAIN INFECTIOUS AND PARASITIC,M,298,111,167,261,428,,557,723,566,299,487,0,3897
1,DISEASES (A00-B99),F,263,82,131,257,306,,288,300,294,146,285,0,2352
1,,T,561,193,298,518,734,,845,1023,860,445,772,0,6249
2,NEOPLASMS,M,16,14,33,58,75,,110,218,242,112,166,0,1044
2,(C00-D48),F,21,16,26,22,68,,110,223,188,69,117,0,860
2,,T,37,30,59,80,143,,220,441,430,181,283,0,1904
3,DISEASES OF BLOOD & BLOOD FORMING,M,36,26,24,30,26,,40,43,64,30,45,0,364
3,ORGANS & CERTAIN DISORDERS INVOLVING,F,31,16,20,47,50,,39,41,43,25,37,0,349
3,THE IMMUNE MECHANISM (D50-D89),T,67,42,44,77,76,,79,84,107,55,82,0,713
4,"ENDOCRINE, NUTRITIONAL AND METABOLIC",M,17,6,19,24,57,,78,119,189,91,198,0,798
4,DISEASES (E00-E89),F,17,2,16,33,21,,40,108,122,82,153,0,594
4,,T,34,8,35,57,78,,118,227,311,173,351,0,1392
5,MENTAL AND BEHAVIOURAL DISORDERS,M,6,3,0,4,10,,17,9,17,7,4,0,77
5,(F01-F99),F,3,0,2,3,2,,3,3,2,0,4,0,22
5,,T,9,3,2,7,12,,20,12,19,7,8,0,99
6,DISEASES OF THE NERVOUS SYSTEM,M,92,74,83,54,65,,66,73,90,42,94,0,733
6,(G00-G98),F,80,54,70,40,36,,29,35,52,26,40,0,462
6,,T,172,128,153,94,101,,95,108,142,68,134,0,1195
7,DISEASES OF THE EYE AND ADNEXA,M,5,0,0,0,2,,0,1,2,2,3,0,15
7,(H00-H59),F,2,0,0,1,0,,0,1,2,2,2,0,10
7,,T,7,0,0,1,2,,0,2,4,4,5,0,25
8,DISEASES OF THE EAR AND MASTOID,M,3,0,0,1,1,,2,1,2,1,1,0,12
8,PROCESS (H60-H95),F,1,0,0,1,0,,1,0,0,0,0,0,3
8,,T,4,0,0,2,1,,3,1,2,1,1,0,15
9,DISEASES OF THE CIRCULATORY,M,99,36,97,255,461,,807,1495,2012,1150,2260,0,8672
9,SYSTEM (I00-I99),F,56,37,54,196,282,,343,689,1051,636,1503,0,4847
9,,T,155,73,151,451,743,,1150,2184,3063,1786,3763,0,13519
10,DISEASES OF THE RESPIRATORY,M,461,103,124,326,605,,1004,1897,2709,1476,3051,0,11756
10,SYSTEM (J00-J98),F,326,81,90,269,327,,378,726,1129,617,1426,0,5369
10,,T,787,184,214,595,932,,1382,2623,3838,2093,4477,0,17125
11,DISEASES OF THE DIGESTIVE SYSTEM,M,63,26,35,94,276,,493,514,415,130,209,0,2255
11,(K00-K92),F,30,10,37,78,70,,103,120,120,46,114,0,728
11,,T,93,36,72,172,346,,596,634,535,176,323,0,2983
12,DISEASES OF THE SKIN AND,M,9,0,2,6,7,,8,15,18,12,24,0,101
12,SUBCUTANEOUS TISSUE (L00-L98),F,6,0,0,15,15,,4,6,10,7,18,0,81
12,,T,15,0,2,21,22,,12,21,28,19,42,0,182
13,DISEASES OF THE MUSCULOSKELETAL,M,3,1,3,1,8,,6,10,8,5,7,0,52
13,SYSTEM AND CONNECTIVE TISSUE,F,3,0,3,7,4,,8,5,5,4,3,0,42
13,(M00-M99),T,6,1,6,8,12,,14,15,13,9,10,0,94
14,DISEASES OF THE GENITOURINARY,M,27,10,27,60,102,,135,182,207,89,188,0,1027
14,SYSTEM (N00-N99),F,25,6,14,44,59,,83,104,106,56,109,0,606
14,,T,52,16,41,104,161,,218,286,313,145,297,0,1633
15,"PREGNANCY, CHILDBIRTH AND THE",F,0,0,0,227,145,,17,13,0,0,0,0,402
15,PUERPERIUM (O00-O99),T,0,0,0,227,145,,17,13,0,0,0,0,402
16,CERTAIN CONDITIONS ORIGINATING,M,6837,0,0,0,0,,0,0,0,0,0,0,6837
16,IN THE PERINATAL PERIOD (P00-P96),F,5588,0,0,0,0,,0,0,0,0,0,0,5588
16,,T,12425,0,0,0,0,,0,0,0,0,0,0,12425
17,"CONGENITAL MALFORMATIONS,",M,297,17,11,8,10,,12,11,13,7,9,0,395
17,DEFORMATIONS AND CHROMOSOMAL,F,169,9,8,8,5,,8,9,7,2,12,0,237
17,ABNORMALITIES (Q00-Q99),T,466,26,19,16,15,,20,20,20,9,21,0,632
18,"SYMPTOMS, SIGNS AND ABNORMAL",M,200,65,92,311,426,,484,750,799,395,796,0,4318
18,CLINICAL  AND LABORATORY FINDINGS,F,150,63,115,238,277,,274,420,505,240,607,0,2889
18,N.E.C. (R00-R99),T,350,128,207,549,703,,758,1170,1304,635,1403,0,7207
19,"INJURY, POISONING AND CERTAIN OTHER",M,46,80,124,680,912,,698,617,404,150,212,0,3923
19,CONSEQUENCES OF EXTERNAL,F,26,65,53,384,276,,212,190,150,64,121,0,1541
19,CAUSES (S00-T98),T,72,145,177,1064,1188,,910,807,554,214,333,0,5464
20,Codes for Special Purposes,M,9,1,4,48,77,,193,400,782,471,1063,0,3048
20,(U00-U49),F,1,0,2,30,33,,85,182,336,210,441,0,1320
20,,T,10,1,6,78,110,,278,582,1118,681,1504,0,4368
,,M,8524,573,845,2221,3548,,4710,7078,8539,4469,8817,0,49324
,A L L  C A U S E S,F,6798,441,641,1900,1976,,2025,3175,4122,2232,4992,0,28302
total,,T,15322,1014,1486,4121,5524,,6735,10253,12661,6701,13809,0,77626
