MAHARASHTRA,,,,,,,,,,,,,,,
"Group
No.",CA U S E  O F   D E A T H,Sex,<1,1-4,5-14,15-24,25-34,35-44,,45-54,55-64,65-69,70+,N.S.,
1,2,3,4,5,6,7,8,9,,10,11,12,13,14,
1,CERTAIN INFECTIOUS AND PARASITIC,M,267,107,230,630,1221,1766,,2105,2062,1014,2332,118,
1,DISEASES (A00-B99),F,167,76,245,718,643,828,,932,902,532,1470,37,
1,,T,434,183,475,1348,1864,2594,,3037,2964,1546,3802,155,
2,NEOPLASMS,M,12,54,125,154,224,629,,1762,3178,1862,4363,199,
2,(C00-D48),F,7,33,76,76,152,437,,1259,2915,1610,3146,104,
2,,T,19,87,201,230,376,1066,,3021,6093,3472,7509,303,
3,DISEASES OF BLOOD & BLOOD FORMING,M,21,14,127,171,173,198,,268,281,161,753,21,
3,ORGANS & CERTAIN DISORDERS INVOLVING,F,15,19,91,141,120,133,,151,198,138,683,8,
3,THE IMMUNE MECHANISM (D50-D89),T,36,33,218,312,293,331,,419,479,299,1436,29,
4,"ENDOCRINE, NUTRITIONAL AND METABOLIC",M,89,35,49,58,380,966,,2848,5414,3610,9815,7,
4,DISEASES (E00-E89),F,57,22,23,47,192,445,,1497,3172,2364,7701,19,
4,,T,146,57,72,105,572,1411,,4345,8586,5974,17516,26,
5,MENTAL AND BEHAVIOURAL DISORDERS,M,1,1,16,51,75,148,,158,144,60,236,12,
5,(F01-F99),F,0,1,8,8,13,24,,21,25,19,146,4,
5,,T,1,2,24,59,88,172,,179,169,79,382,16,
6,DISEASES OF THE NERVOUS SYSTEM,M,151,78,181,234,320,488,,567,851,518,1927,43,
6,(G00-G98),F,90,34,92,135,107,145,,230,310,245,1105,25,
6,,T,241,112,273,369,427,633,,797,1161,763,3032,68,
7,DISEASES OF THE EYE AND ADNEXA,M,0,0,0,0,0,0,,2,0,0,2,0,
7,(H00-H59),F,0,0,0,0,0,0,,2,1,1,2,0,
7,,T,0,0,0,0,0,0,,4,1,1,4,0,
8,DISEASES OF THE EAR AND MASTOID,M,0,0,1,1,0,1,,0,4,0,6,0,
8,PROCESS (H60-H95),F,0,0,0,1,0,1,,0,0,0,1,0,
8,,T,0,0,1,2,0,2,,0,4,0,7,0,
9,DISEASES OF THE CIRCULATORY,M,21,22,51,187,1062,4535,,8996,12838,7992,25262,98,
9,SYSTEM (I00-I99),F,11,10,18,75,410,1210,,2698,4687,3436,16002,29,
9,,T,32,32,69,262,1472,5745,,11694,17525,11428,41264,127,
10,DISEASES OF THE RESPIRATORY,M,323,136,300,460,654,1048,,1791,2829,1858,5956,25,
10,SYSTEM (J00-J98),F,200,69,106,209,271,441,,792,1451,1025,3949,75,
10,,T,523,205,406,669,925,1489,,2583,4280,2883,9905,100,
11,DISEASES OF THE DIGESTIVE SYSTEM,M,18,20,93,317,1273,2523,,2713,2076,742,1222,123,
11,(K00-K92),F,6,7,48,118,176,233,,331,436,220,723,53,
11,,T,24,27,141,435,1449,2756,,3044,2512,962,1945,176,
12,DISEASES OF THE SKIN AND,M,7,1,6,10,22,53,,70,89,59,210,35,
12,SUBCUTANEOUS TISSUE (L00-L98),F,2,1,2,7,11,19,,28,45,39,202,6,
12,,T,9,2,8,17,33,72,,98,134,98,412,41,
13,DISEASES OF THE MUSCULOSKELETAL,M,3,0,7,33,32,55,,71,89,58,302,11,
13,SYSTEM AND CONNECTIVE TISSUE,F,0,0,6,37,40,76,,97,122,85,347,14,
13,(M00-M99),T,3,0,13,70,72,131,,168,211,143,649,25,
14,DISEASES OF THE GENITOURINARY,M,4,15,82,161,243,379,,565,879,515,1803,46,
14,SYSTEM (N00-N99),F,4,10,36,55,118,183,,310,392,289,1134,12,
14,,T,8,25,118,216,361,562,,875,1271,804,2937,58,
15,"PREGNANCY, CHILDBIRTH AND THE",F,0,0,0,145,227,91,,3,0,0,0,0,
15,PUERPERIUM (O00-O99),T,0,0,0,145,227,91,,3,0,0,0,0,
16,CERTAIN CONDITIONS ORIGINATING,M,5156,1,0,0,0,0,,0,0,0,0,0,
16,IN THE PERINATAL PERIOD (P00-P96),F,3091,0,0,0,0,0,,0,0,0,0,0,
16,,T,8247,1,0,0,0,0,,0,0,0,0,0,
17,"CONGENITAL MALFORMATIONS,",M,845,51,29,34,18,24,,31,19,6,23,35,
17,DEFORMATIONS AND CHROMOSOMAL,F,568,25,22,31,20,18,,19,13,4,6,13,
17,ABNORMALITIES (Q00-Q99),T,1413,76,51,65,38,42,,50,32,10,29,48,
18,"SYMPTOMS, SIGNS AND ABNORMAL",M,186,194,744,1116,1662,1990,,1580,2723,1873,8199,39,
18,CLINICAL  AND LABORATORY FINDINGS,F,175,127,256,430,485,439,,553,918,828,6104,6,
18,N.E.C. (R00-R99),T,361,321,1000,1546,2147,2429,,2133,3641,2701,14303,45,
19,"INJURY, POISONING AND CERTAIN OTHER",M,64,79,277,1946,2667,2363,,1864,1457,561,1298,461,
19,CONSEQUENCES OF EXTERNAL,F,4,12,35,135,135,107,,92,100,65,288,63,
19,CAUSES (S00-T98),T,68,91,312,2081,2802,2470,,1956,1557,626,1586,524,
20,Codes for Special Purposes,M,52,14,76,272,1057,2751,,6848,10920,6412,14134,2275,
20,(U00-U49),F,25,12,42,172,365,893,,2323,4124,2535,5425,485,
20,,T,77,26,118,444,1422,3644,,9171,15044,8947,19559,2760,
,,M,7220,822,2394,5835,11083,19917,,32239,45853,27301,77843,3548,
,A L L  C A U S E S,F,4422,458,1106,2540,3485,5723,,11338,19811,13435,48434,953,
total,,T,11642,1280,3500,8375,14568,25640,,43577,65664,40736,126277,4501,
